﻿<AML>
 <Item type="ItemType" id="446C5CBE879B4AC68A200A499C8684C7" action="add">
  <allow_private_permission>1</allow_private_permission>
  <auto_search>0</auto_search>
  <description>Student relationship</description>
  <enforce_discovery>1</enforce_discovery>
  <hide_where_used>0</hide_where_used>
  <implementation_type>table</implementation_type>
  <instance_data>STUDENT</instance_data>
  <is_dependent>0</is_dependent>
  <is_relationship>0</is_relationship>
  <is_versionable>0</is_versionable>
  <revisions keyed_name="Default" type="Revision">7FE395DD8B9F4E1090756A34B733D75E</revisions>
  <show_parameters_tab>1</show_parameters_tab>
  <structure_view>tabs off</structure_view>
  <unlock_on_logout>0</unlock_on_logout>
  <use_src_access>0</use_src_access>
  <name>Student</name>
  <Relationships>
   <Item type="ITPresentationConfiguration" id="6F69255B8979E4396B77D6069BFA2DFF" action="add">
    <client>js</client>
    <related_id keyed_name="Student_TOC_Configuration" type="PresentationConfiguration">6F69255B8979E43936326AA7318BB90D</related_id>
    <sort_order>128</sort_order>
    <source_id keyed_name="Student" type="ItemType" name="Student">446C5CBE879B4AC68A200A499C8684C7</source_id>
   </Item>
   <Item type="Property" id="DAF9BB9EE27B42ABAB61B62E43995FE0" action="add">
    <column_alignment>left</column_alignment>
    <data_type>text</data_type>
    <is_hidden>0</is_hidden>
    <is_hidden2>0</is_hidden2>
    <is_indexed>0</is_indexed>
    <is_keyed>0</is_keyed>
    <is_multi_valued>0</is_multi_valued>
    <is_required>0</is_required>
    <label xml:lang="en">address</label>
    <range_inclusive>0</range_inclusive>
    <readonly>0</readonly>
    <sort_order>3584</sort_order>
    <source_id keyed_name="Student" type="ItemType" name="Student">446C5CBE879B4AC68A200A499C8684C7</source_id>
    <track_history>0</track_history>
    <name>stud_address</name>
   </Item>
   <Item type="Property" id="898B75E29DCD4E3E9BD01D8B6BE61227" action="add">
    <column_alignment>left</column_alignment>
    <data_type>ml_string</data_type>
    <is_hidden>0</is_hidden>
    <is_hidden2>0</is_hidden2>
    <is_indexed>0</is_indexed>
    <is_keyed>0</is_keyed>
    <is_multi_valued>0</is_multi_valued>
    <is_required>0</is_required>
    <label xml:lang="en">email</label>
    <range_inclusive>0</range_inclusive>
    <readonly>0</readonly>
    <sort_order>3456</sort_order>
    <source_id keyed_name="Student" type="ItemType" name="Student">446C5CBE879B4AC68A200A499C8684C7</source_id>
    <stored_length>100</stored_length>
    <track_history>0</track_history>
    <name>stud_email</name>
   </Item>
   <Item type="Property" id="658459257B0943B9A0794AF0DD834076" action="add">
    <column_alignment>left</column_alignment>
    <data_type>text</data_type>
    <is_hidden>0</is_hidden>
    <is_hidden2>0</is_hidden2>
    <is_indexed>0</is_indexed>
    <is_keyed>0</is_keyed>
    <is_multi_valued>0</is_multi_valued>
    <is_required>0</is_required>
    <label xml:lang="en">grade</label>
    <range_inclusive>0</range_inclusive>
    <readonly>0</readonly>
    <sort_order>3968</sort_order>
    <source_id keyed_name="Student" type="ItemType" name="Student">446C5CBE879B4AC68A200A499C8684C7</source_id>
    <track_history>0</track_history>
    <name>stud_grade</name>
   </Item>
   <Item type="Property" id="F239C971CFF141758591FAF90F61FD87" action="add">
    <column_alignment>left</column_alignment>
    <data_type>string</data_type>
    <is_hidden>0</is_hidden>
    <is_hidden2>0</is_hidden2>
    <is_indexed>0</is_indexed>
    <is_keyed>0</is_keyed>
    <is_multi_valued>0</is_multi_valued>
    <is_required>0</is_required>
    <label xml:lang="en">stud_mobileno</label>
    <range_inclusive>0</range_inclusive>
    <readonly>0</readonly>
    <sort_order>3328</sort_order>
    <source_id keyed_name="Student" type="ItemType" name="Student">446C5CBE879B4AC68A200A499C8684C7</source_id>
    <stored_length>256</stored_length>
    <track_history>0</track_history>
    <name>stud_mobileno</name>
   </Item>
   <Item type="Property" id="1A578EAEA62C48D68CDDC934253DFF6B" action="add">
    <column_alignment>left</column_alignment>
    <data_type>text</data_type>
    <foreign_property keyed_name="stud_name" type="Property">1A578EAEA62C48D68CDDC934253DFF6B</foreign_property>
    <is_hidden>0</is_hidden>
    <is_hidden2>0</is_hidden2>
    <is_indexed>0</is_indexed>
    <is_keyed>0</is_keyed>
    <is_multi_valued>0</is_multi_valued>
    <is_required>0</is_required>
    <label xml:lang="en">name</label>
    <range_inclusive>0</range_inclusive>
    <readonly>0</readonly>
    <sort_order>3072</sort_order>
    <source_id keyed_name="Student" type="ItemType" name="Student">446C5CBE879B4AC68A200A499C8684C7</source_id>
    <track_history>0</track_history>
    <name>stud_name</name>
   </Item>
   <Item type="Property" id="C7EEF06D794042A296767E078D7DB37E" action="add">
    <column_alignment>left</column_alignment>
    <data_type>string</data_type>
    <is_hidden>0</is_hidden>
    <is_hidden2>0</is_hidden2>
    <is_indexed>0</is_indexed>
    <is_keyed>0</is_keyed>
    <is_multi_valued>0</is_multi_valued>
    <is_required>1</is_required>
    <label xml:lang="en">parent</label>
    <range_inclusive>0</range_inclusive>
    <readonly>0</readonly>
    <sort_order>3200</sort_order>
    <source_id keyed_name="Student" type="ItemType" name="Student">446C5CBE879B4AC68A200A499C8684C7</source_id>
    <stored_length>256</stored_length>
    <track_history>0</track_history>
    <name>stud_parent</name>
   </Item>
   <Item type="Property" id="2995D1DE09F144C6BBE6E6AD49728EC6" action="add">
    <column_alignment>left</column_alignment>
    <data_type>float</data_type>
    <is_hidden>0</is_hidden>
    <is_hidden2>0</is_hidden2>
    <is_indexed>0</is_indexed>
    <is_keyed>0</is_keyed>
    <is_multi_valued>0</is_multi_valued>
    <is_required>0</is_required>
    <label xml:lang="en">percentage</label>
    <range_inclusive>0</range_inclusive>
    <readonly>0</readonly>
    <sort_order>3840</sort_order>
    <source_id keyed_name="Student" type="ItemType" name="Student">446C5CBE879B4AC68A200A499C8684C7</source_id>
    <track_history>0</track_history>
    <name>stud_percentage</name>
   </Item>
   <Item type="Property" id="7670D9F7A4A5453CB92054D5D7141E19" action="add">
    <column_alignment>left</column_alignment>
    <data_type>integer</data_type>
    <is_hidden>0</is_hidden>
    <is_hidden2>0</is_hidden2>
    <is_indexed>0</is_indexed>
    <is_keyed>0</is_keyed>
    <is_multi_valued>0</is_multi_valued>
    <is_required>0</is_required>
    <label xml:lang="en">rollno</label>
    <range_inclusive>0</range_inclusive>
    <readonly>0</readonly>
    <sort_order>3712</sort_order>
    <source_id keyed_name="Student" type="ItemType" name="Student">446C5CBE879B4AC68A200A499C8684C7</source_id>
    <track_history>0</track_history>
    <name>stud_rollno</name>
   </Item>
   <Item type="View" id="11B42774A6984A05A00107A1DEC9C732" action="add">
    <client>js</client>
    <related_id keyed_name="Student" type="Form">9A153A8A12F14103B0034ECF66836F54</related_id>
    <role keyed_name="World" type="Identity">
     <Item type="Identity" action="get" select="id">
      <name>World</name>
     </Item>
    </role>
    <show_ssvc>0</show_ssvc>
    <sort_order>128</sort_order>
    <source_id keyed_name="Student" type="ItemType" name="Student">446C5CBE879B4AC68A200A499C8684C7</source_id>
    <type>default</type>
   </Item>
   <Item type="Server Event" id="E315EA3852AE42909ECCC130A51712F8" action="add">
    <event_version>version_1</event_version>
    <is_required>0</is_required>
    <related_id keyed_name="EmailValidation" type="Method">
     <Item type="Method" action="get" select="id">
      <name>EmailValidation</name>
     </Item>
    </related_id>
    <server_event>onAfterAdd</server_event>
    <sort_order>128</sort_order>
    <source_id keyed_name="Student" type="ItemType" name="Student">446C5CBE879B4AC68A200A499C8684C7</source_id>
   </Item>
   <Item type="Server Event" id="68F2A17C533D43AB8B60429E0D5A94E9" action="add">
    <event_version>version_1</event_version>
    <is_required>0</is_required>
    <related_id keyed_name="MobileNoValidation" type="Method">
     <Item type="Method" action="get" select="id">
      <name>MobileNoValidation</name>
     </Item>
    </related_id>
    <server_event>onAfterAdd</server_event>
    <sort_order>256</sort_order>
    <source_id keyed_name="Student" type="ItemType" name="Student">446C5CBE879B4AC68A200A499C8684C7</source_id>
   </Item>
   <Item type="Item Action" id="08203E0EF4574B83B156D7D1DA5810CB" action="add">
    <related_id keyed_name="Calculate" type="Action">D2FFEEB2F3C748469DF89173A084F192</related_id>
    <sort_order>128</sort_order>
    <source_id keyed_name="Student" type="ItemType" name="Student">446C5CBE879B4AC68A200A499C8684C7</source_id>
   </Item>
   <Item type="ItemType Life Cycle" id="FF3AED598FE4428EBBFC381B92B5E4CB" action="add">
    <related_id keyed_name="Student Life Cycle" type="Life Cycle Map">01F4957E09624663962138870B522057</related_id>
    <sort_order>128</sort_order>
    <source_id keyed_name="Student" type="ItemType" name="Student">446C5CBE879B4AC68A200A499C8684C7</source_id>
   </Item>
   <Item type="Allowed Workflow" id="9EE2F15EF4864F24BE1CF25E707E9BD6" action="add">
    <is_default>1</is_default>
    <related_id keyed_name="Student Workflow Map" type="Workflow Map">BD75F20C8C234C6EA875E1658A90A001</related_id>
    <sort_order>128</sort_order>
    <source_id keyed_name="Student" type="ItemType" name="Student">446C5CBE879B4AC68A200A499C8684C7</source_id>
   </Item>
   <Item type="TOC Access" id="3B0B69ABDA4B4F23BF2BBACC594859F3" action="add">
    <related_id keyed_name="World" type="Identity">
     <Item type="Identity" action="get" select="id">
      <name>World</name>
     </Item>
    </related_id>
    <sort_order>128</sort_order>
    <source_id keyed_name="Student" type="ItemType" name="Student">446C5CBE879B4AC68A200A499C8684C7</source_id>
   </Item>
   <Item type="TOC View" id="2C5ECEA3667449B79B2B599EC63004BA" action="add">
    <related_id keyed_name="World" type="Identity">
     <Item type="Identity" action="get" select="id">
      <name>World</name>
     </Item>
    </related_id>
    <sort_order>128</sort_order>
    <source_id keyed_name="Student" type="ItemType" name="Student">446C5CBE879B4AC68A200A499C8684C7</source_id>
   </Item>
   <Item type="Can Add" id="F45872A80F0F4D7FAF693448ABCDBD82" action="add">
    <can_add>1</can_add>
    <related_id keyed_name="World" type="Identity">
     <Item type="Identity" action="get" select="id">
      <name>World</name>
     </Item>
    </related_id>
    <sort_order>128</sort_order>
    <source_id keyed_name="Student" type="ItemType" name="Student">446C5CBE879B4AC68A200A499C8684C7</source_id>
   </Item>
   <Item type="Can Add" id="C90C609D6C8F4A1191BB9D97AF9A2BE2" action="add">
    <can_add>1</can_add>
    <related_id keyed_name="Office Staff" type="Identity">C96A445DAA544A4C90088C701E340CCB</related_id>
    <sort_order>256</sort_order>
    <source_id keyed_name="Student" type="ItemType" name="Student">446C5CBE879B4AC68A200A499C8684C7</source_id>
   </Item>
   <Item type="Can Add" id="85A6DFF3A62B496386C85ECD8767A231" action="add">
    <can_add>1</can_add>
    <related_id keyed_name="Principle" type="Identity">7C332E68BE3F40C4BA73E693F1CECA32</related_id>
    <sort_order>384</sort_order>
    <source_id keyed_name="Student" type="ItemType" name="Student">446C5CBE879B4AC68A200A499C8684C7</source_id>
   </Item>
   <Item type="Allowed Permission" id="9BB260043B5642848ED74F0A4C046AF2" action="add">
    <is_default>1</is_default>
    <related_id keyed_name="Default Access" type="Permission">9122CD065CF04141B8EFE263FC80BEA4</related_id>
    <sort_order>128</sort_order>
    <source_id keyed_name="Student" type="ItemType" name="Student">446C5CBE879B4AC68A200A499C8684C7</source_id>
   </Item>
   <Item type="Allowed Permission" id="07C894CD36764437AA12067B4DC6E77D" action="add">
    <is_default>0</is_default>
    <related_id keyed_name="Student" type="Permission">464D5EADA3BF462DA098FC95BBEC5F1C</related_id>
    <sort_order>256</sort_order>
    <source_id keyed_name="Student" type="ItemType" name="Student">446C5CBE879B4AC68A200A499C8684C7</source_id>
   </Item>
  </Relationships>
 </Item>
</AML>