﻿<AML>
 <Item type="ItemType" id="4502844CBAC946A197F013E643A28C44" action="add">
  <allow_private_permission>1</allow_private_permission>
  <auto_search>0</auto_search>
  <enforce_discovery>1</enforce_discovery>
  <hide_where_used>0</hide_where_used>
  <implementation_type>table</implementation_type>
  <instance_data>STUDENT_MARK</instance_data>
  <is_dependent>0</is_dependent>
  <is_relationship>0</is_relationship>
  <is_versionable>0</is_versionable>
  <revisions keyed_name="Default" type="Revision">7FE395DD8B9F4E1090756A34B733D75E</revisions>
  <show_parameters_tab>1</show_parameters_tab>
  <structure_view>tabs off</structure_view>
  <unlock_on_logout>0</unlock_on_logout>
  <use_src_access>0</use_src_access>
  <name>Student_Mark</name>
  <Relationships>
   <Item type="ITPresentationConfiguration" id="1361780F19F83F4E6B77D6069BFA2DFF" action="add">
    <client>js</client>
    <related_id keyed_name="Student_Mark_TOC_Configuration" type="PresentationConfiguration">1361780F19F83F4E36326AA7318BB90D</related_id>
    <sort_order>128</sort_order>
    <source_id keyed_name="Student_Mark" type="ItemType" name="Student_Mark">4502844CBAC946A197F013E643A28C44</source_id>
   </Item>
   <Item type="Property" id="E835BF34F6E24FEABC7CA8FB9429C591" action="add">
    <column_alignment>left</column_alignment>
    <data_type>integer</data_type>
    <is_hidden>0</is_hidden>
    <is_hidden2>0</is_hidden2>
    <is_indexed>0</is_indexed>
    <is_keyed>0</is_keyed>
    <is_multi_valued>0</is_multi_valued>
    <is_required>0</is_required>
    <label xml:lang="en">English</label>
    <range_inclusive>0</range_inclusive>
    <readonly>0</readonly>
    <sort_order>3712</sort_order>
    <source_id keyed_name="Student_Mark" type="ItemType" name="Student_Mark">4502844CBAC946A197F013E643A28C44</source_id>
    <track_history>0</track_history>
    <name>mark_english</name>
   </Item>
   <Item type="Property" id="CFB42079FBD643DA875244A0EECDDB6C" action="add">
    <column_alignment>left</column_alignment>
    <data_type>integer</data_type>
    <is_hidden>0</is_hidden>
    <is_hidden2>0</is_hidden2>
    <is_indexed>0</is_indexed>
    <is_keyed>0</is_keyed>
    <is_multi_valued>0</is_multi_valued>
    <is_required>0</is_required>
    <label xml:lang="en">Hindi</label>
    <range_inclusive>0</range_inclusive>
    <readonly>0</readonly>
    <sort_order>3968</sort_order>
    <source_id keyed_name="Student_Mark" type="ItemType" name="Student_Mark">4502844CBAC946A197F013E643A28C44</source_id>
    <track_history>0</track_history>
    <name>mark_hindi</name>
   </Item>
   <Item type="Property" id="ECFD5E2DC86745C08A437170C73432B2" action="add">
    <column_alignment>left</column_alignment>
    <data_type>integer</data_type>
    <is_hidden>0</is_hidden>
    <is_hidden2>0</is_hidden2>
    <is_indexed>0</is_indexed>
    <is_keyed>0</is_keyed>
    <is_multi_valued>0</is_multi_valued>
    <is_required>0</is_required>
    <label xml:lang="en">History</label>
    <range_inclusive>0</range_inclusive>
    <readonly>0</readonly>
    <sort_order>3456</sort_order>
    <source_id keyed_name="Student_Mark" type="ItemType" name="Student_Mark">4502844CBAC946A197F013E643A28C44</source_id>
    <track_history>0</track_history>
    <name>mark_history</name>
   </Item>
   <Item type="Property" id="8287969E5ED94D069AC5185A0B4A30CA" action="add">
    <column_alignment>left</column_alignment>
    <data_type>integer</data_type>
    <is_hidden>0</is_hidden>
    <is_hidden2>0</is_hidden2>
    <is_indexed>0</is_indexed>
    <is_keyed>0</is_keyed>
    <is_multi_valued>0</is_multi_valued>
    <is_required>0</is_required>
    <label xml:lang="en">Marathi</label>
    <range_inclusive>0</range_inclusive>
    <readonly>0</readonly>
    <sort_order>3840</sort_order>
    <source_id keyed_name="Student_Mark" type="ItemType" name="Student_Mark">4502844CBAC946A197F013E643A28C44</source_id>
    <track_history>0</track_history>
    <name>mark_marathi</name>
   </Item>
   <Item type="Property" id="25F345D0F1944AA3A7822BD1C78B1F66" action="add">
    <column_alignment>left</column_alignment>
    <data_type>integer</data_type>
    <is_hidden>0</is_hidden>
    <is_hidden2>0</is_hidden2>
    <is_indexed>0</is_indexed>
    <is_keyed>0</is_keyed>
    <is_multi_valued>0</is_multi_valued>
    <is_required>0</is_required>
    <label xml:lang="en">Math</label>
    <range_inclusive>0</range_inclusive>
    <readonly>0</readonly>
    <sort_order>3328</sort_order>
    <source_id keyed_name="Student_Mark" type="ItemType" name="Student_Mark">4502844CBAC946A197F013E643A28C44</source_id>
    <track_history>0</track_history>
    <name>mark_math</name>
   </Item>
   <Item type="Property" id="9BEA686133474B528B63818F1006FB5E" action="add">
    <column_alignment>left</column_alignment>
    <data_type>integer</data_type>
    <is_hidden>0</is_hidden>
    <is_hidden2>0</is_hidden2>
    <is_indexed>0</is_indexed>
    <is_keyed>0</is_keyed>
    <is_multi_valued>0</is_multi_valued>
    <is_required>0</is_required>
    <label xml:lang="en">RollNo</label>
    <range_inclusive>0</range_inclusive>
    <readonly>0</readonly>
    <sort_order>3200</sort_order>
    <source_id keyed_name="Student_Mark" type="ItemType" name="Student_Mark">4502844CBAC946A197F013E643A28C44</source_id>
    <track_history>0</track_history>
    <name>mark_rollno</name>
   </Item>
   <Item type="Property" id="B5642845D64146EEB36757E0F8E9317D" action="add">
    <column_alignment>left</column_alignment>
    <data_type>integer</data_type>
    <is_hidden>0</is_hidden>
    <is_hidden2>0</is_hidden2>
    <is_indexed>0</is_indexed>
    <is_keyed>0</is_keyed>
    <is_multi_valued>0</is_multi_valued>
    <is_required>0</is_required>
    <label xml:lang="en">Science</label>
    <range_inclusive>0</range_inclusive>
    <readonly>0</readonly>
    <sort_order>3584</sort_order>
    <source_id keyed_name="Student_Mark" type="ItemType" name="Student_Mark">4502844CBAC946A197F013E643A28C44</source_id>
    <track_history>0</track_history>
    <name>mark_science</name>
   </Item>
   <Item type="Property" id="D8CDA0850907411F83DC4886DCA3C508" action="add">
    <column_alignment>left</column_alignment>
    <data_type>string</data_type>
    <is_hidden>0</is_hidden>
    <is_hidden2>0</is_hidden2>
    <is_indexed>0</is_indexed>
    <is_keyed>0</is_keyed>
    <is_multi_valued>0</is_multi_valued>
    <is_required>1</is_required>
    <label xml:lang="en">student</label>
    <range_inclusive>0</range_inclusive>
    <readonly>0</readonly>
    <sort_order>3072</sort_order>
    <source_id keyed_name="Student_Mark" type="ItemType" name="Student_Mark">4502844CBAC946A197F013E643A28C44</source_id>
    <stored_length>100</stored_length>
    <track_history>0</track_history>
    <name>mark_student</name>
   </Item>
   <Item type="Property" id="03532E51BCA44241BB177836B1013837" action="add">
    <column_alignment>left</column_alignment>
    <data_type>float</data_type>
    <is_hidden>0</is_hidden>
    <is_hidden2>0</is_hidden2>
    <is_indexed>0</is_indexed>
    <is_keyed>0</is_keyed>
    <is_multi_valued>0</is_multi_valued>
    <is_required>0</is_required>
    <label xml:lang="en">percentage</label>
    <range_inclusive>0</range_inclusive>
    <readonly>0</readonly>
    <sort_order>4096</sort_order>
    <source_id keyed_name="Student_Mark" type="ItemType" name="Student_Mark">4502844CBAC946A197F013E643A28C44</source_id>
    <track_history>0</track_history>
    <name>percentage</name>
   </Item>
   <Item type="View" id="CC3D5C3F290D4EE193897E880F46FD5C" action="add">
    <client>js</client>
    <related_id keyed_name="Student_Mark" type="Form">481D3BF553844B2ABE06937BB1A7CC94</related_id>
    <role keyed_name="World" type="Identity">
     <Item type="Identity" action="get" select="id">
      <name>World</name>
     </Item>
    </role>
    <show_ssvc>0</show_ssvc>
    <sort_order>128</sort_order>
    <source_id keyed_name="Student_Mark" type="ItemType" name="Student_Mark">4502844CBAC946A197F013E643A28C44</source_id>
    <type>default</type>
   </Item>
   <Item type="Server Event" id="C955D5FE78F74B3888A2183F131B5182" action="add">
    <event_version>version_1</event_version>
    <is_required>0</is_required>
    <related_id keyed_name="Student_Mark1" type="Method">
     <Item type="Method" action="get" select="id">
      <name>Student_Mark1</name>
     </Item>
    </related_id>
    <server_event>onAfterAdd</server_event>
    <sort_order>128</sort_order>
    <source_id keyed_name="Student_Mark" type="ItemType" name="Student_Mark">4502844CBAC946A197F013E643A28C44</source_id>
   </Item>
   <Item type="TOC Access" id="CD13C17520084C3AB6C5A6D5D03D073B" action="add">
    <related_id keyed_name="World" type="Identity">
     <Item type="Identity" action="get" select="id">
      <name>World</name>
     </Item>
    </related_id>
    <sort_order>128</sort_order>
    <source_id keyed_name="Student_Mark" type="ItemType" name="Student_Mark">4502844CBAC946A197F013E643A28C44</source_id>
   </Item>
   <Item type="TOC View" id="90923A9A79C74933927B7CCCDD342B49" action="add">
    <related_id keyed_name="World" type="Identity">
     <Item type="Identity" action="get" select="id">
      <name>World</name>
     </Item>
    </related_id>
    <sort_order>128</sort_order>
    <source_id keyed_name="Student_Mark" type="ItemType" name="Student_Mark">4502844CBAC946A197F013E643A28C44</source_id>
   </Item>
   <Item type="Client Event" id="A1459DA210B044299CF596B78C9B8D72" action="add">
    <related_id keyed_name="Student_percentage" type="Method">
     <Item type="Method" action="get" select="id">
      <name>Student_percentage</name>
     </Item>
    </related_id>
    <sort_order>128</sort_order>
    <source_id keyed_name="Student_Mark" type="ItemType" name="Student_Mark">4502844CBAC946A197F013E643A28C44</source_id>
   </Item>
   <Item type="Can Add" id="2F00A20610824CD49E2BE6618E169954" action="add">
    <can_add>1</can_add>
    <related_id keyed_name="World" type="Identity">
     <Item type="Identity" action="get" select="id">
      <name>World</name>
     </Item>
    </related_id>
    <sort_order>128</sort_order>
    <source_id keyed_name="Student_Mark" type="ItemType" name="Student_Mark">4502844CBAC946A197F013E643A28C44</source_id>
   </Item>
   <Item type="Allowed Permission" id="25B2B7AC5CDE4B2E87ED146D23D3592B" action="add">
    <is_default>1</is_default>
    <related_id keyed_name="Default Access" type="Permission">9122CD065CF04141B8EFE263FC80BEA4</related_id>
    <sort_order>128</sort_order>
    <source_id keyed_name="Student_Mark" type="ItemType" name="Student_Mark">4502844CBAC946A197F013E643A28C44</source_id>
   </Item>
   <Item type="Allowed Permission" id="34736121229E462085F87BE9ED74E18B" action="add">
    <is_default>0</is_default>
    <related_id keyed_name="Student_Mark" type="Permission">824858D1D2B046F1BC0FF15DF5ED12F4</related_id>
    <sort_order>256</sort_order>
    <source_id keyed_name="Student_Mark" type="ItemType" name="Student_Mark">4502844CBAC946A197F013E643A28C44</source_id>
   </Item>
  </Relationships>
 </Item>
</AML>